{"other_drug_class1": -0.28007359240288743, "other_substance_use_disorder": 1.5359901121456372, "perc90_mme_200_250": -0.24411734095683404, "sedative_use_disorder": 1.4588939344079817, "ra_collagen_vascular": -0.059285697123218684, "perc90_mme_150_200": -0.3061395449585638, "osteoporosis": -0.1430831723219038, "blood_loss_anemia": -0.1471425301047637, "lymphoma": 0.01424077563390987, "male": -0.3307004269575232, "bh_svc_flag": 2.5977073266230097, "op_tier2": -0.1343128704661183, "perc90_mme_250_300": -0.03454904269122104, "metastic_cancer": -0.4318865104041617, "congestive_heart_failure": 0.083826867817005, "perc90_mme_gt_450": 0.8807878549477123, "valvular_disease": -0.04634345258142454, "diabetes_uncomplicated": -0.12046897143945541, "op_tier1": -0.011556135552448521, "coagulopathy": -0.06838743881532423, "perc90_mme_400_450": 0.8373638299625362, "copresc_sed_flag": 0.13719120802480783, "female": -0.7662127220448833, "aids": -0.09150711312640808, "sleep_apnea": -0.26506198277518744, "paralysis": -0.3795408021995061, "other_neurological_disorder": -0.11042162754928558, "hypothyroidism": -0.19065482319003013, "hypertension": -0.2541639716865476, "electrolyte_disorders": 0.03331146912914109, "other_drug_class3": -0.11009558487044795, "alcohol_abuse": -0.5133033082790778, "op_tier3": -0.5005816581684019, "cannabis_hallucinogen_use_disorder": -0.3701140701177854, "age_lt_30": -0.23270122364132725, "naloxone0": -1.336272816201334, "major_depressive_disorder": -0.5297149504409059, "weight_loss": -0.20905701915760388, "stimulant_use_disorder": 0.7450792184184059, "age_31_to_50": 0.029870937959257035, "ip_mh_treatment_flag": 0.047700865022253826, "naloxone2plus": 0.4187216517463761, "solid_tumor_wo_metastasis": -0.22460641262035935, "peptic_ulcer_disease_excl_bleeding": 0.13787046894732827, "rhenal_failure": -0.15092689739151854, "diabetes_complicated": -0.06255091355586696, "peripheral_vascular_disorder": -0.09644796632157572, "age_51_to_65": -0.2484775660225854, "other_mh_disorder": -0.4051876591197354, "liver_disease": -0.10047727856836758, "obesity": -0.3278904326670364, "other_drug_class0": -0.41809148172156685, "bipolar_disorder": -0.281002937827518, "od_suicide_attempt_2014_flag": 0.34032551777953934, "drug_screen_flag": 0.7319028406652431, "pulmonary_circulation_disorder": 0.12763165805175195, "tobacco_abuse": -0.3306713839512579, "er_visit_flag": 0.30433948998566657, "copd": -0.014859915418020946, "perc90_mme_50_100": -0.8589175968964116, "hep_c": 1.5644029006827391, "perc90_mme_100_150": -0.6329666285350606, "perc90_mme_300_350": 0.036201723281069874, "age_gt_66": -0.645605297557637, "other_drug_class2": -0.2886524899661303, "detox_flag": 2.3575741670903647, "deficiency_anemia": -0.2114060910437568, "perc90_mme_350_400": 0.19272001212836692, "perc90_mme_lt_50": -0.9672964155630741, "op_tier4": -0.4504624846689861, "naloxone1": -0.1793619845553136, "cardiac_arrhythmia": -0.05346563099115902}